,train_mov,train_reg,val_mov,val_reg
0,0.0927397832274437,0.0,5.9132498790859245e-06,0.1908295452594757
1,1.5939954209898133e-06,0.0,8.021724795526097e-08,0.08122701197862625
