,train_mov,train_reg,val_mov,val_reg
0,0.010514582507312298,0.0,0.00035938454675488174,0.04316265136003494
1,7.973927858984098e-05,0.0,3.519478559610434e-05,0.40909191966056824
2,3.2503165130037814e-05,0.0,2.0335084627731703e-05,1.427549958229065
3,2.3117621822166257e-05,0.0,1.2674634490394965e-05,3.4098715782165527
